Plant Name,Mean_Width,Median_Width,Variance_Width,StdDev_Width,Mean_Length,Median_Length,Variance_Length,StdDev_Length
Dracaena Reflexa,3.28,3.3,0.03288888888888887,0.18135294011647252,54.489999999999995,53.05,23.989888888888924,4.897947415896676
Ficus Elastica,6.26,6.0,0.9580000000000002,0.9787747442593726,12.66,12.8,0.4730000000000004,0.6877499545619763
Monstera Deliciosa,23.98,24.0,0.47200000000000103,0.6870225614927075,27.560000000000002,28.7,18.078000000000003,4.251823138372527
